Training Set,Accuracy,Precision,Recall,F1
SemEval2018-T3-train-taskA_emoji_3-emoji_frequency_non_ironic_4.txt,0.6413667188315075,0.6490545050055617,0.6106750392464678,0.6292801294149366
SemEval2018-T3-train-taskA_emoji_4-emoji_frequency_non_ironic_11.txt,0.6413667188315075,0.6485587583148559,0.6122448979591837,0.6298788694481829
SemEval2018-T3-train-taskA_emoji_1-emoji_frequency_ironic_18.txt,0.6421491914449661,0.6486486486486487,0.6153846153846154,0.631578947368421
SemEval2018-T3-train-taskA_emoji_2-emoji_frequency_ironic_5.txt,0.6442357850808555,0.6518600777345919,0.6143380429094715,0.6325431034482758
SemEval2018-T3-train-taskA_emoji_1-emoji_frequency_ironic_vs_non_ironic_10.txt,0.6392801251956182,0.6469933184855234,0.608058608058608,0.6269220393849474
SemEval2018-T3-train-taskA_emoji_1-emoji_frequency_non_ironic_16.txt,0.6398017736045905,0.6480446927374302,0.6070120355834642,0.6268576060524181
SemEval2018-T3-train-taskA_emoji_3-emoji_frequency_2.txt,0.6395409494001043,0.6471897607122983,0.60858189429618,0.6272923408845739
SemEval2018-T3-train-taskA_emoji_3-emoji_frequency_ironic_vs_non_ironic_10.txt,0.6403234220135628,0.6477777777777778,0.6101517530088959,0.628402047965508
SemEval2018-T3-train-taskA_emoji_4-emoji_frequency_6.txt,0.6411058946270214,0.649025069637883,0.6096284667713239,0.6287101996762007
SemEval2018-T3-train-taskA_emoji_3-emoji_frequency_1.txt,0.6395409494001043,0.6471897607122983,0.60858189429618,0.6272923408845739
SemEval2018-T3-train-taskA_emoji_3-emoji_frequency_ironic_10.txt,0.6444966092853417,0.6525612472160356,0.6132914704343275,0.6323172376584839
SemEval2018-T3-train-taskA_emoji_3-emoji_frequency_ironic_vs_non_ironic_11.txt,0.6403234220135628,0.6477777777777778,0.6101517530088959,0.628402047965508
SemEval2018-T3-train-taskA_emoji_1-emoji_frequency_ironic_1.txt,0.6395409494001043,0.6471897607122983,0.60858189429618,0.6272923408845739
SemEval2018-T3-train-taskA_emoji_1-emoji_frequency_ironic_vs_non_ironic_18.txt,0.640584246218049,0.6489659027389603,0.6075353218210361,0.6275675675675675
SemEval2018-T3-train-taskA_emoji_1-emoji_frequency_ironic_17.txt,0.6421491914449661,0.6486486486486487,0.6153846153846154,0.631578947368421
SemEval2018-T3-train-taskA_emoji_1-emoji_frequency_non_ironic_2.txt,0.6411058946270214,0.6483638380476983,0.6117216117216118,0.6295099623047927
SemEval2018-T3-train-taskA_emoji_1-emoji_frequency_non_ironic_14.txt,0.6398017736045905,0.6477146042363434,0.608058608058608,0.6272604588394062
SemEval2018-T3-train-taskA_emoji_2-emoji_frequency_ironic_16.txt,0.6429316640584246,0.6497237569060773,0.6153846153846154,0.6320881483472185
SemEval2018-T3-train-taskA_emoji_3-emoji_frequency_ironic_vs_non_ironic_5.txt,0.6408450704225352,0.6488294314381271,0.609105180533752,0.6283400809716599
SemEval2018-T3-train-taskA_emoji_3-emoji_frequency_ironic_vs_non_ironic_8.txt,0.6408450704225352,0.6484983314794216,0.6101517530088959,0.6287409005122675
SemEval2018-T3-train-taskA_emoji_4-emoji_frequency_non_ironic_1.txt,0.6395409494001043,0.6471897607122983,0.60858189429618,0.6272923408845739
SemEval2018-T3-train-taskA_emoji_4-emoji_frequency_ironic_vs_non_ironic_16.txt,0.6421491914449661,0.6498054474708171,0.6117216117216118,0.6301886792452831
SemEval2018-T3-train-taskA_emoji_2-emoji_frequency_ironic_11.txt,0.645018257694314,0.6526082130965594,0.6153846153846154,0.6334500403985995
SemEval2018-T3-train-taskA_emoji_1-emoji_frequency_non_ironic_17.txt,0.640584246218049,0.6489659027389603,0.6075353218210361,0.6275675675675675
SemEval2018-T3-train-taskA_emoji_1-emoji_frequency_non_ironic_1.txt,0.6395409494001043,0.6471897607122983,0.60858189429618,0.6272923408845739
SemEval2018-T3-train-taskA_emoji_4-emoji_frequency_ironic_9.txt,0.6418883672404799,0.6499442586399108,0.6101517530088959,0.6294197031039137
SemEval2018-T3-train-taskA_emoji_2-emoji_frequency_10.txt,0.6439749608763693,0.6511627906976745,0.6153846153846154,0.632768361581921
SemEval2018-T3-train-taskA_emoji_1-emoji_frequency_non_ironic_15.txt,0.6395409494001043,0.6473537604456825,0.608058608058608,0.6270912034538586
SemEval2018-T3-train-taskA_emoji_2-emoji_frequency_non_ironic_7.txt,0.6418883672404799,0.6492785793562708,0.6122448979591837,0.6302181524373821
SemEval2018-T3-train-taskA_emoji_1-emoji_frequency_non_ironic_10.txt,0.639019300991132,0.6467966573816156,0.6075353218210361,0.6265515380464112
SemEval2018-T3-train-taskA_emoji_2-emoji_frequency_12.txt,0.6429316640584246,0.6500553709856035,0.6143380429094715,0.6316922249125639
SemEval2018-T3-train-taskA_emoji_4-emoji_frequency_non_ironic_18.txt,0.6418883672404799,0.6496106785317018,0.6111983254840397,0.6298193583176058
SemEval2018-T3-train-taskA_emoji_3-emoji_frequency_9.txt,0.6421491914449661,0.6498054474708171,0.6117216117216118,0.6301886792452831
SemEval2018-T3-train-taskA_emoji_2-emoji_frequency_ironic_vs_non_ironic_12.txt,0.640584246218049,0.6478092068774265,0.6111983254840397,0.6289714593430263
SemEval2018-T3-train-taskA_emoji_3-emoji_frequency_ironic_20.txt,0.645018257694314,0.6522702104097453,0.6164311878597593,0.6338444982512779
SemEval2018-T3-train-taskA_emoji_3-emoji_frequency_ironic_vs_non_ironic_19.txt,0.6424100156494522,0.65,0.6122448979591837,0.6305578011317703
SemEval2018-T3-train-taskA_emoji_2-emoji_frequency_ironic_15.txt,0.6437141366718832,0.6506357103372029,0.6159079016221873,0.6327956989247312
SemEval2018-T3-train-taskA_emoji_3-emoji_frequency_ironic_5.txt,0.6431924882629108,0.6507495835646863,0.6132914704343275,0.6314655172413792
SemEval2018-T3-train-taskA_emoji_4-emoji_frequency_non_ironic_8.txt,0.6403234220135628,0.6477777777777778,0.6101517530088959,0.628402047965508
SemEval2018-T3-train-taskA_emoji_3-emoji_frequency_ironic_2.txt,0.640584246218049,0.6481378543635353,0.6101517530088959,0.6285714285714287
SemEval2018-T3-train-taskA_emoji_1-emoji_frequency_7.txt,0.6408450704225352,0.6478405315614618,0.6122448979591837,0.6295399515738499
SemEval2018-T3-train-taskA_emoji_2-emoji_frequency_6.txt,0.6421491914449661,0.6494731003882418,0.6127681841967556,0.6305869682283253
SemEval2018-T3-train-taskA_emoji_3-emoji_frequency_ironic_17.txt,0.6442357850808555,0.6515235457063712,0.6153846153846154,0.6329386437029063
SemEval2018-T3-train-taskA_emoji_3-emoji_frequency_ironic_18.txt,0.645018257694314,0.6522702104097453,0.6164311878597593,0.6338444982512779
SemEval2018-T3-train-taskA_emoji_1-emoji_frequency_20.txt,0.6413667188315075,0.6495535714285714,0.609105180533752,0.628679449095328
SemEval2018-T3-train-taskA_emoji_4-emoji_frequency_ironic_vs_non_ironic_1.txt,0.6395409494001043,0.6471897607122983,0.60858189429618,0.6272923408845739
SemEval2018-T3-train-taskA_emoji_2-emoji_frequency_ironic_vs_non_ironic_11.txt,0.6408450704225352,0.6480044345898004,0.6117216117216118,0.6293405114401076
SemEval2018-T3-train-taskA_emoji_3-emoji_frequency_ironic_16.txt,0.6460615545122588,0.6533776301218162,0.6174777603349032,0.6349206349206349
SemEval2018-T3-train-taskA_emoji_1-emoji_frequency_ironic_7.txt,0.6426708398539385,0.6490358126721764,0.6164311878597593,0.6323134728931831
SemEval2018-T3-train-taskA_emoji_3-emoji_frequency_ironic_7.txt,0.6439749608763693,0.6518353726362626,0.6132914704343275,0.6319762739282825
SemEval2018-T3-train-taskA_emoji_4-emoji_frequency_ironic_vs_non_ironic_20.txt,0.6421491914449661,0.6498054474708171,0.6117216117216118,0.6301886792452831
SemEval2018-T3-train-taskA_emoji_1-emoji_frequency_10.txt,0.6411058946270214,0.6480354178195905,0.6127681841967556,0.629908552985476
SemEval2018-T3-train-taskA_emoji_1-emoji_frequency_14.txt,0.6408450704225352,0.6475138121546962,0.6132914704343275,0.6299381886589627
SemEval2018-T3-train-taskA_emoji_1-emoji_frequency_ironic_vs_non_ironic_8.txt,0.639019300991132,0.6466332776850306,0.608058608058608,0.6267529665587918
SemEval2018-T3-train-taskA_emoji_4-emoji_frequency_non_ironic_20.txt,0.6421491914449661,0.6498054474708171,0.6117216117216118,0.6301886792452831
SemEval2018-T3-train-taskA_emoji_1-emoji_frequency_non_ironic_8.txt,0.6392801251956182,0.646503884572697,0.6096284667713239,0.627524912469701
SemEval2018-T3-train-taskA_emoji_3-emoji_frequency_ironic_3.txt,0.6437141366718832,0.6513048306496391,0.6138147566718996,0.6320043103448275
SemEval2018-T3-train-taskA_emoji_3-emoji_frequency_non_ironic_18.txt,0.6416275430359938,0.6490838423098279,0.6117216117216118,0.6298491379310346
SemEval2018-T3-train-taskA_emoji_1-emoji_frequency_15.txt,0.640584246218049,0.6471562672556599,0.6132914704343275,0.629768941429339
SemEval2018-T3-train-taskA_emoji_4-emoji_frequency_ironic_8.txt,0.6418883672404799,0.6499442586399108,0.6101517530088959,0.6294197031039137
SemEval2018-T3-train-taskA_emoji_2-emoji_frequency_14.txt,0.6431924882629108,0.650415512465374,0.6143380429094715,0.6318622174381054
SemEval2018-T3-train-taskA_emoji_2-emoji_frequency_ironic_18.txt,0.6437141366718832,0.6506357103372029,0.6159079016221873,0.6327956989247312
SemEval2018-T3-train-taskA_emoji_3-emoji_frequency_5.txt,0.6416275430359938,0.6492495831017232,0.6111983254840397,0.6296495956873316
SemEval2018-T3-train-taskA_emoji_3-emoji_frequency_19.txt,0.6421491914449661,0.6498054474708171,0.6117216117216118,0.6301886792452831
SemEval2018-T3-train-taskA_emoji_1-emoji_frequency_13.txt,0.6413667188315075,0.6477398015435502,0.6148613291470434,0.6308724832214765
SemEval2018-T3-train-taskA_emoji_3-emoji_frequency_ironic_vs_non_ironic_9.txt,0.6403234220135628,0.6479421579532815,0.6096284667713239,0.6282016716095984
SemEval2018-T3-train-taskA_emoji_4-emoji_frequency_13.txt,0.6416275430359938,0.6492495831017232,0.6111983254840397,0.6296495956873316
SemEval2018-T3-train-taskA_emoji_3-emoji_frequency_ironic_11.txt,0.6447574334898278,0.6525847693162868,0.6143380429094715,0.6328840970350404
SemEval2018-T3-train-taskA_emoji_1-emoji_frequency_ironic_8.txt,0.6424100156494522,0.6488423373759648,0.6159079016221873,0.6319463087248322
SemEval2018-T3-train-taskA_emoji_tokenised.txt,0.6395409494001043,0.6471897607122983,0.60858189429618,0.6272923408845739
SemEval2018-T3-train-taskA_emoji_2-emoji_frequency_ironic_20.txt,0.6447574334898278,0.6517412935323383,0.6169544740973313,0.6338709677419354
SemEval2018-T3-train-taskA_emoji_1-emoji_frequency_16.txt,0.6416275430359938,0.6485888212506917,0.6132914704343275,0.6304464766003226
SemEval2018-T3-train-taskA_emoji_1-emoji_frequency_non_ironic_11.txt,0.6398017736045905,0.6478794642857143,0.6075353218210361,0.627059141236835
SemEval2018-T3-train-taskA_emoji_4-emoji_frequency_ironic_vs_non_ironic_2.txt,0.6395409494001043,0.6471897607122983,0.60858189429618,0.6272923408845739
SemEval2018-T3-train-taskA_emoji_2-emoji_frequency_ironic_vs_non_ironic_1.txt,0.6395409494001043,0.6471897607122983,0.60858189429618,0.6272923408845739
SemEval2018-T3-train-taskA_emoji_4-emoji_frequency_14.txt,0.6421491914449661,0.6498054474708171,0.6117216117216118,0.6301886792452831
SemEval2018-T3-train-taskA_emoji_2-emoji_frequency_ironic_vs_non_ironic_18.txt,0.6408450704225352,0.6480044345898004,0.6117216117216118,0.6293405114401076
SemEval2018-T3-train-taskA_emoji_4-emoji_frequency_12.txt,0.6418883672404799,0.6494444444444445,0.6117216117216118,0.6300188628402048
SemEval2018-T3-train-taskA_emoji_2-emoji_frequency_ironic_14.txt,0.6444966092853417,0.6515486725663717,0.6164311878597593,0.6335036300080666
SemEval2018-T3-train-taskA_emoji_4-emoji_frequency_non_ironic_4.txt,0.6403234220135628,0.6479421579532815,0.6096284667713239,0.6282016716095984
SemEval2018-T3-train-taskA_emoji_3-emoji_frequency_non_ironic_2.txt,0.6395409494001043,0.6471897607122983,0.60858189429618,0.6272923408845739
SemEval2018-T3-train-taskA_emoji_4-emoji_frequency_ironic_vs_non_ironic_9.txt,0.6413667188315075,0.6487236403995561,0.6117216117216118,0.629679504443846
SemEval2018-T3-train-taskA_emoji_2-emoji_frequency_ironic_9.txt,0.6447574334898278,0.6520775623268698,0.6159079016221873,0.6334768568353067
SemEval2018-T3-train-taskA_emoji_2-emoji_frequency_ironic_1.txt,0.6395409494001043,0.6471897607122983,0.60858189429618,0.6272923408845739
SemEval2018-T3-train-taskA_emoji_3-emoji_frequency_ironic_vs_non_ironic_17.txt,0.6413667188315075,0.6488888888888888,0.6111983254840397,0.6294799245486391
SemEval2018-T3-train-taskA_emoji_2-emoji_frequency_15.txt,0.6429316640584246,0.6500553709856035,0.6143380429094715,0.6316922249125639
SemEval2018-T3-train-taskA_emoji_4-emoji_frequency_19.txt,0.6418883672404799,0.6492785793562708,0.6122448979591837,0.6302181524373821
SemEval2018-T3-train-taskA_emoji_1-emoji_frequency_non_ironic_12.txt,0.6400625978090767,0.6482412060301508,0.6075353218210361,0.627228525121556
SemEval2018-T3-train-taskA_emoji_2-emoji_frequency_ironic_vs_non_ironic_3.txt,0.6408450704225352,0.6483333333333333,0.6106750392464678,0.6289409862570735
SemEval2018-T3-train-taskA_emoji_2-emoji_frequency_non_ironic_17.txt,0.6403234220135628,0.6476137624861266,0.6106750392464678,0.6286022084567735
SemEval2018-T3-train-taskA_emoji_1-emoji_frequency_8.txt,0.640584246218049,0.6478092068774265,0.6111983254840397,0.6289714593430263
SemEval2018-T3-train-taskA_emoji_3-emoji_frequency_ironic_15.txt,0.6458007303077725,0.653185595567867,0.6169544740973313,0.6345532831001077
SemEval2018-T3-train-taskA_emoji_4-emoji_frequency_non_ironic_10.txt,0.6413667188315075,0.6485587583148559,0.6122448979591837,0.6298788694481829
SemEval2018-T3-train-taskA_emoji_2-emoji_frequency_17.txt,0.6424100156494522,0.6495016611295681,0.6138147566718996,0.6311541565778853
SemEval2018-T3-train-taskA_emoji_1-emoji_frequency_ironic_12.txt,0.6421491914449661,0.6486486486486487,0.6153846153846154,0.631578947368421
SemEval2018-T3-train-taskA_emoji_2-emoji_frequency_ironic_vs_non_ironic_2.txt,0.6395409494001043,0.6471897607122983,0.60858189429618,0.6272923408845739
SemEval2018-T3-train-taskA_emoji_1-emoji_frequency_ironic_vs_non_ironic_17.txt,0.6398017736045905,0.6478794642857143,0.6075353218210361,0.627059141236835
SemEval2018-T3-train-taskA_emoji_2-emoji_frequency_3.txt,0.6408450704225352,0.6483333333333333,0.6106750392464678,0.6289409862570735
SemEval2018-T3-train-taskA_emoji_3-emoji_frequency_non_ironic_12.txt,0.6403234220135628,0.6477777777777778,0.6101517530088959,0.628402047965508
SemEval2018-T3-train-taskA_emoji_3-emoji_frequency_18.txt,0.6421491914449661,0.6498054474708171,0.6117216117216118,0.6301886792452831
SemEval2018-T3-train-taskA_emoji_3-emoji_frequency_4.txt,0.6413667188315075,0.6490545050055617,0.6106750392464678,0.6292801294149366
SemEval2018-T3-train-taskA_emoji_3-emoji_frequency_20.txt,0.6426708398539385,0.6503613118399111,0.6122448979591837,0.6307277628032344
SemEval2018-T3-train-taskA_emoji_4-emoji_frequency_5.txt,0.6408450704225352,0.6486636971046771,0.6096284667713239,0.6285405988670083
SemEval2018-T3-train-taskA_emoji_1-emoji_frequency_4.txt,0.6413667188315075,0.6480662983425415,0.6138147566718996,0.6304756785810267
SemEval2018-T3-train-taskA_emoji_1-emoji_frequency_ironic_14.txt,0.6424100156494522,0.6490066225165563,0.6153846153846154,0.6317485898468976
SemEval2018-T3-train-taskA_emoji_4-emoji_frequency_9.txt,0.6418883672404799,0.6494444444444445,0.6117216117216118,0.6300188628402048
SemEval2018-T3-train-taskA_emoji_4-emoji_frequency_ironic_1.txt,0.6395409494001043,0.6471897607122983,0.60858189429618,0.6272923408845739
SemEval2018-T3-train-taskA_emoji_4-emoji_frequency_ironic_3.txt,0.6413667188315075,0.6492204899777283,0.6101517530088959,0.6290801186943621
SemEval2018-T3-train-taskA_emoji_3-emoji_frequency_non_ironic_1.txt,0.6395409494001043,0.6471897607122983,0.60858189429618,0.6272923408845739
SemEval2018-T3-train-taskA_emoji_3-emoji_frequency_ironic_9.txt,0.6442357850808555,0.6520289049471929,0.6138147566718996,0.6323450134770889
SemEval2018-T3-train-taskA_emoji_2-emoji_frequency_ironic_vs_non_ironic_10.txt,0.6418883672404799,0.6492785793562708,0.6122448979591837,0.6302181524373821
SemEval2018-T3-train-taskA_emoji_3-emoji_frequency_ironic_vs_non_ironic_12.txt,0.6400625978090767,0.6475819899944414,0.6096284667713239,0.628032345013477
SemEval2018-T3-train-taskA_emoji_2-emoji_frequency_ironic_vs_non_ironic_5.txt,0.6413667188315075,0.6488888888888888,0.6111983254840397,0.6294799245486391
SemEval2018-T3-train-taskA_emoji_2-emoji_frequency_ironic_vs_non_ironic_19.txt,0.6411058946270214,0.6483638380476983,0.6117216117216118,0.6295099623047927
SemEval2018-T3-train-taskA_emoji_2-emoji_frequency_ironic_vs_non_ironic_7.txt,0.6418883672404799,0.6492785793562708,0.6122448979591837,0.6302181524373821
SemEval2018-T3-train-taskA_emoji_2-emoji_frequency_8.txt,0.643453312467397,0.6506090808416389,0.6148613291470434,0.6322302932472423
SemEval2018-T3-train-taskA_emoji_4-emoji_frequency_ironic_15.txt,0.6418883672404799,0.6497772828507795,0.6106750392464678,0.6296196385217157
SemEval2018-T3-train-taskA_emoji_2-emoji_frequency_ironic_vs_non_ironic_9.txt,0.6418883672404799,0.6492785793562708,0.6122448979591837,0.6302181524373821
SemEval2018-T3-train-taskA_emoji_4-emoji_frequency_ironic_2.txt,0.6408450704225352,0.6486636971046771,0.6096284667713239,0.6285405988670083
SemEval2018-T3-train-taskA_emoji_3-emoji_frequency_non_ironic_19.txt,0.6413667188315075,0.6487236403995561,0.6117216117216118,0.629679504443846
SemEval2018-T3-train-taskA_emoji_4-emoji_frequency_ironic_14.txt,0.6418883672404799,0.6497772828507795,0.6106750392464678,0.6296196385217157
SemEval2018-T3-train-taskA_emoji_4-emoji_frequency_ironic_18.txt,0.6426708398539385,0.6506963788300836,0.6111983254840397,0.6303291958985429
SemEval2018-T3-train-taskA_emoji_2-emoji_frequency_non_ironic_4.txt,0.6416275430359938,0.6490838423098279,0.6117216117216118,0.6298491379310346
SemEval2018-T3-train-taskA_emoji_4-emoji_frequency_non_ironic_12.txt,0.6413667188315075,0.6487236403995561,0.6117216117216118,0.629679504443846
SemEval2018-T3-train-taskA_emoji_4-emoji_frequency_ironic_16.txt,0.6426708398539385,0.6506963788300836,0.6111983254840397,0.6303291958985429
SemEval2018-T3-train-taskA_emoji_3-emoji_frequency_non_ironic_5.txt,0.6421491914449661,0.6501392757660167,0.6106750392464678,0.6297895304910955
SemEval2018-T3-train-taskA_emoji_1-emoji_frequency_ironic_2.txt,0.6411058946270214,0.6483638380476983,0.6117216117216118,0.6295099623047927
SemEval2018-T3-train-taskA_emoji_4-emoji_frequency_3.txt,0.6398017736045905,0.6473859844271412,0.609105180533752,0.6276624427069291
SemEval2018-T3-train-taskA_emoji_2-emoji_frequency_2.txt,0.6413667188315075,0.6490545050055617,0.6106750392464678,0.6292801294149366
SemEval2018-T3-train-taskA_emoji_3-emoji_frequency_15.txt,0.6431924882629108,0.6512534818941504,0.6117216117216118,0.6308688613059903
SemEval2018-T3-train-taskA_emoji_4-emoji_frequency_ironic_vs_non_ironic_8.txt,0.6403234220135628,0.6477777777777778,0.6101517530088959,0.628402047965508
SemEval2018-T3-train-taskA_emoji_1-emoji_frequency_ironic_vs_non_ironic_12.txt,0.6392801251956182,0.6466666666666666,0.609105180533752,0.6273241713823767
SemEval2018-T3-train-taskA_emoji_1-emoji_frequency_non_ironic_4.txt,0.640584246218049,0.6479733481399222,0.6106750392464678,0.6287715517241379
SemEval2018-T3-train-taskA_emoji_3-emoji_frequency_ironic_vs_non_ironic_1.txt,0.6395409494001043,0.6471897607122983,0.60858189429618,0.6272923408845739
SemEval2018-T3-train-taskA_emoji_3-emoji_frequency_non_ironic_11.txt,0.6403234220135628,0.6477777777777778,0.6101517530088959,0.628402047965508
SemEval2018-T3-train-taskA_emoji_1-emoji_frequency_1.txt,0.6395409494001043,0.6471897607122983,0.60858189429618,0.6272923408845739
SemEval2018-T3-train-taskA_emoji_1-emoji_frequency_2.txt,0.6411058946270214,0.6483638380476983,0.6117216117216118,0.6295099623047927
SemEval2018-T3-train-taskA_emoji_2-emoji_frequency_ironic_vs_non_ironic_15.txt,0.640584246218049,0.6479733481399222,0.6106750392464678,0.6287715517241379
SemEval2018-T3-train-taskA_emoji_2-emoji_frequency_ironic_7.txt,0.6439749608763693,0.6518353726362626,0.6132914704343275,0.6319762739282825
SemEval2018-T3-train-taskA_emoji_1-emoji_frequency_9.txt,0.6408450704225352,0.6480044345898004,0.6117216117216118,0.6293405114401076
SemEval2018-T3-train-taskA_emoji_2-emoji_frequency_ironic_17.txt,0.643453312467397,0.6502762430939226,0.6159079016221873,0.6326256382692824
SemEval2018-T3-train-taskA_emoji_2-emoji_frequency_ironic_13.txt,0.6444966092853417,0.6515486725663717,0.6164311878597593,0.6335036300080666
SemEval2018-T3-train-taskA_emoji_2-emoji_frequency_4.txt,0.6416275430359938,0.6490838423098279,0.6117216117216118,0.6298491379310346
SemEval2018-T3-train-taskA_emoji_4-emoji_frequency_ironic_vs_non_ironic_15.txt,0.6418883672404799,0.6496106785317018,0.6111983254840397,0.6298193583176058
SemEval2018-T3-train-taskA_emoji_3-emoji_frequency_ironic_vs_non_ironic_13.txt,0.640584246218049,0.6479733481399222,0.6106750392464678,0.6287715517241379
SemEval2018-T3-train-taskA_emoji_3-emoji_frequency_11.txt,0.6429316640584246,0.6508908685968819,0.6117216117216118,0.630698678176423
SemEval2018-T3-train-taskA_emoji_2-emoji_frequency_non_ironic_6.txt,0.6418883672404799,0.6492785793562708,0.6122448979591837,0.6302181524373821
SemEval2018-T3-train-taskA_emoji_1-emoji_frequency_17.txt,0.6413667188315075,0.6485587583148559,0.6122448979591837,0.6298788694481829
SemEval2018-T3-train-taskA_emoji_1-emoji_frequency_ironic_vs_non_ironic_11.txt,0.6374543557642149,0.6449638286032277,0.6064887493458923,0.6251348435814456
SemEval2018-T3-train-taskA_emoji_1-emoji_frequency_ironic_11.txt,0.6421491914449661,0.6486486486486487,0.6153846153846154,0.631578947368421
SemEval2018-T3-train-taskA_emoji_4-emoji_frequency_non_ironic_9.txt,0.6413667188315075,0.6487236403995561,0.6117216117216118,0.629679504443846
SemEval2018-T3-train-taskA_emoji_3-emoji_frequency_13.txt,0.6431924882629108,0.650917176209005,0.6127681841967556,0.631266846361186
SemEval2018-T3-train-taskA_emoji_1-emoji_frequency_ironic_vs_non_ironic_6.txt,0.6392801251956182,0.647486033519553,0.6064887493458923,0.626317211564442
SemEval2018-T3-train-taskA_emoji_2-emoji_frequency_ironic_10.txt,0.6447574334898278,0.6520775623268698,0.6159079016221873,0.6334768568353067
SemEval2018-T3-train-taskA_emoji_1-emoji_frequency_19.txt,0.6416275430359938,0.6492495831017232,0.6111983254840397,0.6296495956873316
SemEval2018-T3-train-taskA_emoji_2-emoji_frequency_non_ironic_18.txt,0.6403234220135628,0.647450110864745,0.6111983254840397,0.6288021534320324
SemEval2018-T3-train-taskA_emoji_2-emoji_frequency_9.txt,0.6439749608763693,0.6511627906976745,0.6153846153846154,0.632768361581921
SemEval2018-T3-train-taskA_emoji_3-emoji_frequency_non_ironic_3.txt,0.640584246218049,0.6481378543635353,0.6101517530088959,0.6285714285714287
SemEval2018-T3-train-taskA_emoji_2-emoji_frequency_ironic_vs_non_ironic_8.txt,0.6424100156494522,0.6498335183129855,0.6127681841967556,0.6307568004309183
SemEval2018-T3-train-taskA_emoji_1-emoji_frequency_non_ironic_7.txt,0.6395409494001043,0.6471897607122983,0.60858189429618,0.6272923408845739
SemEval2018-T3-train-taskA_emoji_3-emoji_frequency_ironic_vs_non_ironic_4.txt,0.6403234220135628,0.6482720178372352,0.60858189429618,0.6278002699055331
SemEval2018-T3-train-taskA_emoji_3-emoji_frequency_ironic_1.txt,0.6395409494001043,0.6471897607122983,0.60858189429618,0.6272923408845739
SemEval2018-T3-train-taskA_emoji_4-emoji_frequency_10.txt,0.6418883672404799,0.6494444444444445,0.6117216117216118,0.6300188628402048
SemEval2018-T3-train-taskA_emoji_3-emoji_frequency_non_ironic_20.txt,0.6421491914449661,0.6496390893947807,0.6122448979591837,0.6303879310344827
SemEval2018-T3-train-taskA_emoji_4-emoji_frequency_non_ironic_6.txt,0.6400625978090767,0.6475819899944414,0.6096284667713239,0.628032345013477
SemEval2018-T3-train-taskA_emoji_3-emoji_frequency_ironic_vs_non_ironic_15.txt,0.6413667188315075,0.6488888888888888,0.6111983254840397,0.6294799245486391
SemEval2018-T3-train-taskA_emoji_3-emoji_frequency_7.txt,0.6439749608763693,0.6518353726362626,0.6132914704343275,0.6319762739282825
SemEval2018-T3-train-taskA_emoji_1-emoji_frequency_non_ironic_5.txt,0.6411058946270214,0.6481994459833795,0.6122448979591837,0.6297093649085038
SemEval2018-T3-train-taskA_emoji_4-emoji_frequency_ironic_10.txt,0.6418883672404799,0.6499442586399108,0.6101517530088959,0.6294197031039137
SemEval2018-T3-train-taskA_emoji_1-emoji_frequency_ironic_vs_non_ironic_14.txt,0.6395409494001043,0.6471897607122983,0.60858189429618,0.6272923408845739
SemEval2018-T3-train-taskA_emoji_2-emoji_frequency_non_ironic_2.txt,0.6395409494001043,0.6471897607122983,0.60858189429618,0.6272923408845739
SemEval2018-T3-train-taskA_emoji_4-emoji_frequency_ironic_vs_non_ironic_13.txt,0.6421491914449661,0.6498054474708171,0.6117216117216118,0.6301886792452831
SemEval2018-T3-train-taskA_emoji_2-emoji_frequency_13.txt,0.6429316640584246,0.6500553709856035,0.6143380429094715,0.6316922249125639
SemEval2018-T3-train-taskA_emoji_3-emoji_frequency_non_ironic_15.txt,0.6416275430359938,0.6490838423098279,0.6117216117216118,0.6298491379310346
SemEval2018-T3-train-taskA_emoji_4-emoji_frequency_ironic_vs_non_ironic_19.txt,0.6421491914449661,0.6498054474708171,0.6117216117216118,0.6301886792452831
SemEval2018-T3-train-taskA_emoji_1-emoji_frequency_ironic_3.txt,0.6416275430359938,0.6482606294864716,0.6143380429094715,0.630843632455669
SemEval2018-T3-train-taskA_emoji_4-emoji_frequency_20.txt,0.6418883672404799,0.6492785793562708,0.6122448979591837,0.6302181524373821
SemEval2018-T3-train-taskA_emoji_2-emoji_frequency_19.txt,0.6421491914449661,0.6491422246817931,0.6138147566718996,0.6309844002151695
SemEval2018-T3-train-taskA_emoji_3-emoji_frequency_ironic_vs_non_ironic_2.txt,0.6395409494001043,0.6471897607122983,0.60858189429618,0.6272923408845739
SemEval2018-T3-train-taskA_emoji_4-emoji_frequency_ironic_vs_non_ironic_3.txt,0.6398017736045905,0.6473859844271412,0.609105180533752,0.6276624427069291
SemEval2018-T3-train-taskA_emoji_2-emoji_frequency_non_ironic_3.txt,0.6408450704225352,0.6483333333333333,0.6106750392464678,0.6289409862570735
SemEval2018-T3-train-taskA_emoji_4-emoji_frequency_ironic_vs_non_ironic_5.txt,0.6400625978090767,0.6475819899944414,0.6096284667713239,0.628032345013477
SemEval2018-T3-train-taskA_emoji_3-emoji_frequency_ironic_14.txt,0.6455399061032864,0.6529933481152993,0.6164311878597593,0.6341857335127861
SemEval2018-T3-train-taskA_emoji_4-emoji_frequency_ironic_vs_non_ironic_12.txt,0.6413667188315075,0.6487236403995561,0.6117216117216118,0.629679504443846
SemEval2018-T3-train-taskA_emoji_2-emoji_frequency_ironic_8.txt,0.6437141366718832,0.651473040578099,0.6132914704343275,0.6318059299191374
SemEval2018-T3-train-taskA_emoji_1-emoji_frequency_ironic_vs_non_ironic_2.txt,0.6403234220135628,0.6477777777777778,0.6101517530088959,0.628402047965508
SemEval2018-T3-train-taskA_emoji_2-emoji_frequency_ironic_vs_non_ironic_16.txt,0.640584246218049,0.6478092068774265,0.6111983254840397,0.6289714593430263
SemEval2018-T3-train-taskA_emoji_4-emoji_frequency_non_ironic_3.txt,0.6398017736045905,0.6473859844271412,0.609105180533752,0.6276624427069291
SemEval2018-T3-train-taskA_emoji_2-emoji_frequency_11.txt,0.6439749608763693,0.6513303769401331,0.6148613291470434,0.63257065948856
SemEval2018-T3-train-taskA_emoji_2-emoji_frequency_non_ironic_1.txt,0.6395409494001043,0.6471897607122983,0.60858189429618,0.6272923408845739
SemEval2018-T3-train-taskA_emoji_4-emoji_frequency_ironic_vs_non_ironic_10.txt,0.6413667188315075,0.6485587583148559,0.6122448979591837,0.6298788694481829
SemEval2018-T3-train-taskA_emoji_2-emoji_frequency_ironic_vs_non_ironic_20.txt,0.6411058946270214,0.6483638380476983,0.6117216117216118,0.6295099623047927
SemEval2018-T3-train-taskA_emoji_1-emoji_frequency_ironic_vs_non_ironic_19.txt,0.6403234220135628,0.6486033519553073,0.6075353218210361,0.6273980005403944
SemEval2018-T3-train-taskA_emoji_3-emoji_frequency_ironic_vs_non_ironic_7.txt,0.6413667188315075,0.649386845039019,0.6096284667713239,0.6288798920377868
SemEval2018-T3-train-taskA_emoji_4-emoji_frequency_18.txt,0.6421491914449661,0.6498054474708171,0.6117216117216118,0.6301886792452831
SemEval2018-T3-train-taskA_emoji_1-emoji_frequency_6.txt,0.6416275430359938,0.6479338842975206,0.6153846153846154,0.6312399355877616
SemEval2018-T3-train-taskA_emoji_3-emoji_frequency_non_ironic_6.txt,0.6411058946270214,0.649025069637883,0.6096284667713239,0.6287101996762007
SemEval2018-T3-train-taskA_emoji_1-emoji_frequency_12.txt,0.640584246218049,0.6471562672556599,0.6132914704343275,0.629768941429339
SemEval2018-T3-train-taskA_emoji_2-emoji_frequency_ironic_vs_non_ironic_17.txt,0.640584246218049,0.6478092068774265,0.6111983254840397,0.6289714593430263
SemEval2018-T3-train-taskA_emoji_4-emoji_frequency_ironic_7.txt,0.6418883672404799,0.6499442586399108,0.6101517530088959,0.6294197031039137
SemEval2018-T3-train-taskA_emoji_3-emoji_frequency_ironic_vs_non_ironic_3.txt,0.6400625978090767,0.6477462437395659,0.609105180533752,0.627831715210356
SemEval2018-T3-train-taskA_emoji_2-emoji_frequency_ironic_3.txt,0.6442357850808555,0.6518600777345919,0.6143380429094715,0.6325431034482758
SemEval2018-T3-train-taskA_emoji_1-emoji_frequency_ironic_vs_non_ironic_20.txt,0.6398017736045905,0.6478794642857143,0.6075353218210361,0.627059141236835
SemEval2018-T3-train-taskA_emoji_4-emoji_frequency_ironic_vs_non_ironic_17.txt,0.6421491914449661,0.6498054474708171,0.6117216117216118,0.6301886792452831
SemEval2018-T3-train-taskA_emoji_1-emoji_frequency_ironic_4.txt,0.6426708398539385,0.649200220628792,0.6159079016221873,0.6321160042964554
SemEval2018-T3-train-taskA_emoji_4-emoji_frequency_ironic_vs_non_ironic_4.txt,0.6403234220135628,0.6479421579532815,0.6096284667713239,0.6282016716095984
SemEval2018-T3-train-taskA_emoji_1-emoji_frequency_11.txt,0.6411058946270214,0.6478717523493643,0.6132914704343275,0.6301075268817204
SemEval2018-T3-train-taskA_emoji_3-emoji_frequency_ironic_8.txt,0.6437141366718832,0.651473040578099,0.6132914704343275,0.6318059299191374
SemEval2018-T3-train-taskA_emoji_2-emoji_frequency_ironic_vs_non_ironic_6.txt,0.6418883672404799,0.6492785793562708,0.6122448979591837,0.6302181524373821
SemEval2018-T3-train-taskA_emoji_1-emoji_frequency_ironic_20.txt,0.6413667188315075,0.6474147414741475,0.6159079016221873,0.631268436578171
SemEval2018-T3-train-taskA_emoji_3-emoji_frequency_ironic_vs_non_ironic_20.txt,0.6421491914449661,0.6496390893947807,0.6122448979591837,0.6303879310344827
SemEval2018-T3-train-taskA_emoji_3-emoji_frequency_ironic_vs_non_ironic_6.txt,0.640584246218049,0.6486335750139431,0.60858189429618,0.6279697624190065
SemEval2018-T3-train-taskA_emoji_1-emoji_frequency_ironic_vs_non_ironic_7.txt,0.639019300991132,0.6469604015616286,0.6070120355834642,0.6263498920086394
SemEval2018-T3-train-taskA_emoji_3-emoji_frequency_17.txt,0.6421491914449661,0.6498054474708171,0.6117216117216118,0.6301886792452831
SemEval2018-T3-train-taskA_emoji_2-emoji_frequency_non_ironic_14.txt,0.6411058946270214,0.6483638380476983,0.6117216117216118,0.6295099623047927
SemEval2018-T3-train-taskA_emoji_4-emoji_frequency_non_ironic_7.txt,0.6400625978090767,0.6475819899944414,0.6096284667713239,0.628032345013477
SemEval2018-T3-train-taskA_emoji_4-emoji_frequency_ironic_12.txt,0.6418883672404799,0.6497772828507795,0.6106750392464678,0.6296196385217157
SemEval2018-T3-train-taskA_emoji_3-emoji_frequency_3.txt,0.640584246218049,0.6481378543635353,0.6101517530088959,0.6285714285714287
SemEval2018-T3-train-taskA_emoji_2-emoji_frequency_7.txt,0.6426708398539385,0.6500277315585136,0.6132914704343275,0.6311254711900914
SemEval2018-T3-train-taskA_emoji_3-emoji_frequency_non_ironic_17.txt,0.6416275430359938,0.6490838423098279,0.6117216117216118,0.6298491379310346
SemEval2018-T3-train-taskA_emoji_2-emoji_frequency_18.txt,0.6426708398539385,0.6496956281128943,0.6143380429094715,0.6315223238300162
SemEval2018-T3-train-taskA_emoji_3-emoji_frequency_ironic_6.txt,0.6437141366718832,0.651473040578099,0.6132914704343275,0.6318059299191374
SemEval2018-T3-train-taskA_emoji_2-emoji_frequency_ironic_6.txt,0.6442357850808555,0.6520289049471929,0.6138147566718996,0.6323450134770889
SemEval2018-T3-train-taskA_emoji_1-emoji_frequency_18.txt,0.6408450704225352,0.6481687014428413,0.6111983254840397,0.6291408564503097
SemEval2018-T3-train-taskA_emoji_4-emoji_frequency_ironic_vs_non_ironic_18.txt,0.6418883672404799,0.6496106785317018,0.6111983254840397,0.6298193583176058
SemEval2018-T3-train-taskA_emoji_1-emoji_frequency_non_ironic_18.txt,0.6408450704225352,0.6493288590604027,0.6075353218210361,0.6277372262773722
SemEval2018-T3-train-taskA_emoji_2-emoji_frequency_non_ironic_19.txt,0.640584246218049,0.6478092068774265,0.6111983254840397,0.6289714593430263
SemEval2018-T3-train-taskA_emoji_4-emoji_frequency_non_ironic_2.txt,0.6395409494001043,0.6471897607122983,0.60858189429618,0.6272923408845739
SemEval2018-T3-train-taskA_emoji_4-emoji_frequency_8.txt,0.6413667188315075,0.6488888888888888,0.6111983254840397,0.6294799245486391
SemEval2018-T3-train-taskA_emoji_1-emoji_frequency_ironic_vs_non_ironic_13.txt,0.6395409494001043,0.6471897607122983,0.60858189429618,0.6272923408845739
SemEval2018-T3-train-taskA_emoji_4-emoji_frequency_ironic_vs_non_ironic_7.txt,0.6400625978090767,0.6475819899944414,0.6096284667713239,0.628032345013477
SemEval2018-T3-train-taskA_emoji_1-emoji_frequency_ironic_5.txt,0.6424100156494522,0.6486784140969163,0.6164311878597593,0.632143815401127
SemEval2018-T3-train-taskA_emoji_1-emoji_frequency_ironic_vs_non_ironic_3.txt,0.6398017736045905,0.6470588235294118,0.6101517530088959,0.6280635604632373
SemEval2018-T3-train-taskA_emoji_1-emoji_frequency_ironic_15.txt,0.6426708398539385,0.649200220628792,0.6159079016221873,0.6321160042964554
SemEval2018-T3-train-taskA_emoji_3-emoji_frequency_non_ironic_7.txt,0.6413667188315075,0.649386845039019,0.6096284667713239,0.6288798920377868
SemEval2018-T3-train-taskA_emoji_1-emoji_frequency_ironic_vs_non_ironic_1.txt,0.6395409494001043,0.6471897607122983,0.60858189429618,0.6272923408845739
SemEval2018-T3-train-taskA_emoji.txt,0.631716223265519,0.6382271468144044,0.6028257456828885,0.620021528525296
SemEval2018-T3-train-taskA_emoji_2-emoji_frequency_non_ironic_15.txt,0.6411058946270214,0.6481994459833795,0.6122448979591837,0.6297093649085038
SemEval2018-T3-train-taskA_emoji_3-emoji_frequency_6.txt,0.6418883672404799,0.6497772828507795,0.6106750392464678,0.6296196385217157
SemEval2018-T3-train-taskA_emoji_1-emoji_frequency_ironic_13.txt,0.6418883672404799,0.6484547461368654,0.6148613291470434,0.6312113886650551
SemEval2018-T3-train-taskA_emoji_4-emoji_frequency_ironic_vs_non_ironic_11.txt,0.6413667188315075,0.6485587583148559,0.6122448979591837,0.6298788694481829
SemEval2018-T3-train-taskA_emoji_3-emoji_frequency_non_ironic_14.txt,0.640584246218049,0.6479733481399222,0.6106750392464678,0.6287715517241379
SemEval2018-T3-train-taskA_emoji_3-emoji_frequency_12.txt,0.6424100156494522,0.6501668520578421,0.6117216117216118,0.630358587220275
SemEval2018-T3-train-taskA_emoji_2-emoji_frequency_non_ironic_12.txt,0.6411058946270214,0.6481994459833795,0.6122448979591837,0.6297093649085038
SemEval2018-T3-train-taskA_emoji_4-emoji_frequency_ironic_11.txt,0.6418883672404799,0.6499442586399108,0.6101517530088959,0.6294197031039137
SemEval2018-T3-train-taskA_emoji_3-emoji_frequency_10.txt,0.6429316640584246,0.6507230255839822,0.6122448979591837,0.6308978161229442
SemEval2018-T3-train-taskA_emoji_3-emoji_frequency_non_ironic_13.txt,0.6403234220135628,0.6477777777777778,0.6101517530088959,0.628402047965508
SemEval2018-T3-train-taskA_emoji_4-emoji_frequency_non_ironic_13.txt,0.6421491914449661,0.6498054474708171,0.6117216117216118,0.6301886792452831
SemEval2018-T3-train-taskA_emoji_4-emoji_frequency_11.txt,0.6418883672404799,0.6494444444444445,0.6117216117216118,0.6300188628402048
SemEval2018-T3-train-taskA_emoji_4-emoji_frequency_2.txt,0.6395409494001043,0.6471897607122983,0.60858189429618,0.6272923408845739
SemEval2018-T3-train-taskA_emoji_4-emoji_frequency_4.txt,0.6403234220135628,0.6479421579532815,0.6096284667713239,0.6282016716095984
SemEval2018-T3-train-taskA_emoji_3-emoji_frequency_ironic_12.txt,0.6447574334898278,0.6525847693162868,0.6143380429094715,0.6328840970350404
SemEval2018-T3-train-taskA_emoji_4-emoji_frequency_ironic_vs_non_ironic_14.txt,0.6421491914449661,0.6498054474708171,0.6117216117216118,0.6301886792452831
SemEval2018-T3-train-taskA_emoji_4-emoji_frequency_15.txt,0.6421491914449661,0.6498054474708171,0.6117216117216118,0.6301886792452831
SemEval2018-T3-train-taskA_emoji_1-emoji_frequency_non_ironic_3.txt,0.6411058946270214,0.6483638380476983,0.6117216117216118,0.6295099623047927
SemEval2018-T3-train-taskA_emoji_1-emoji_frequency_non_ironic_19.txt,0.640584246218049,0.6487995533221664,0.608058608058608,0.6277687736358726
SemEval2018-T3-train-taskA_emoji_3-emoji_frequency_non_ironic_16.txt,0.6416275430359938,0.6490838423098279,0.6117216117216118,0.6298491379310346
SemEval2018-T3-train-taskA_emoji_4-emoji_frequency_non_ironic_16.txt,0.6421491914449661,0.6498054474708171,0.6117216117216118,0.6301886792452831
SemEval2018-T3-train-taskA_emoji_1-emoji_frequency_5.txt,0.6426708398539385,0.6488717666483214,0.6169544740973313,0.6325107296137339
SemEval2018-T3-train-taskA_emoji_1-emoji_frequency_non_ironic_9.txt,0.6395409494001043,0.6470261256253474,0.609105180533752,0.6274932614555256
SemEval2018-T3-train-taskA_emoji_4-emoji_frequency_ironic_5.txt,0.6413667188315075,0.6492204899777283,0.6101517530088959,0.6290801186943621
SemEval2018-T3-train-taskA_emoji_1-emoji_frequency_ironic_vs_non_ironic_9.txt,0.6400625978090767,0.6480758505298383,0.608058608058608,0.6274298056155507
SemEval2018-T3-train-taskA_emoji_3-emoji_frequency_ironic_13.txt,0.6452790818988002,0.6528008874098724,0.6159079016221873,0.6338179859989229
SemEval2018-T3-train-taskA_emoji_3-emoji_frequency_non_ironic_8.txt,0.6411058946270214,0.649025069637883,0.6096284667713239,0.6287101996762007
SemEval2018-T3-train-taskA_emoji_4-emoji_frequency_non_ironic_14.txt,0.6421491914449661,0.6498054474708171,0.6117216117216118,0.6301886792452831
SemEval2018-T3-train-taskA_emoji_1-emoji_frequency_non_ironic_13.txt,0.6398017736045905,0.6477146042363434,0.608058608058608,0.6272604588394062
SemEval2018-T3-train-taskA_emoji_2-emoji_frequency_ironic_vs_non_ironic_14.txt,0.640584246218049,0.6479733481399222,0.6106750392464678,0.6287715517241379
SemEval2018-T3-train-taskA_emoji_1-emoji_frequency_ironic_vs_non_ironic_5.txt,0.639019300991132,0.6467966573816156,0.6075353218210361,0.6265515380464112
SemEval2018-T3-train-taskA_emoji_4-emoji_frequency_ironic_13.txt,0.6418883672404799,0.6497772828507795,0.6106750392464678,0.6296196385217157
SemEval2018-T3-train-taskA_emoji_3-emoji_frequency_8.txt,0.643453312467397,0.6512791991101223,0.6127681841967556,0.6314370450256133
SemEval2018-T3-train-taskA_emoji_2-emoji_frequency_20.txt,0.6429316640584246,0.6500553709856035,0.6143380429094715,0.6316922249125639
SemEval2018-T3-train-taskA_emoji_2-emoji_frequency_ironic_vs_non_ironic_4.txt,0.6416275430359938,0.6490838423098279,0.6117216117216118,0.6298491379310346
SemEval2018-T3-train-taskA_emoji_4-emoji_frequency_ironic_20.txt,0.6431924882629108,0.6512534818941504,0.6117216117216118,0.6308688613059903
SemEval2018-T3-train-taskA_emoji_4-emoji_frequency_non_ironic_17.txt,0.6421491914449661,0.6498054474708171,0.6117216117216118,0.6301886792452831
SemEval2018-T3-train-taskA_emoji_2-emoji_frequency_16.txt,0.6424100156494522,0.6495016611295681,0.6138147566718996,0.6311541565778853
SemEval2018-T3-train-taskA_emoji_2-emoji_frequency_ironic_19.txt,0.6437141366718832,0.6506357103372029,0.6159079016221873,0.6327956989247312
SemEval2018-T3-train-taskA_emoji_4-emoji_frequency_ironic_vs_non_ironic_6.txt,0.6400625978090767,0.6475819899944414,0.6096284667713239,0.628032345013477
SemEval2018-T3-train-taskA_emoji_3-emoji_frequency_ironic_vs_non_ironic_16.txt,0.6413667188315075,0.6488888888888888,0.6111983254840397,0.6294799245486391
SemEval2018-T3-train-taskA_emoji_3-emoji_frequency_ironic_vs_non_ironic_14.txt,0.6413667188315075,0.6488888888888888,0.6111983254840397,0.6294799245486391
SemEval2018-T3-train-taskA_emoji_4-emoji_frequency_non_ironic_15.txt,0.6418883672404799,0.6496106785317018,0.6111983254840397,0.6298193583176058
SemEval2018-T3-train-taskA_emoji_2-emoji_frequency_5.txt,0.6418883672404799,0.6492785793562708,0.6122448979591837,0.6302181524373821
SemEval2018-T3-train-taskA_emoji_1-emoji_frequency_ironic_vs_non_ironic_4.txt,0.6403234220135628,0.6476137624861266,0.6106750392464678,0.6286022084567735
SemEval2018-T3-train-taskA_emoji_2-emoji_frequency_non_ironic_16.txt,0.640584246218049,0.6479733481399222,0.6106750392464678,0.6287715517241379
SemEval2018-T3-train-taskA_emoji_2-emoji_frequency_non_ironic_11.txt,0.6424100156494522,0.6498335183129855,0.6127681841967556,0.6307568004309183
SemEval2018-T3-train-taskA_emoji_4-emoji_frequency_non_ironic_19.txt,0.6421491914449661,0.6498054474708171,0.6117216117216118,0.6301886792452831
SemEval2018-T3-train-taskA_emoji_3-emoji_frequency_non_ironic_10.txt,0.6400625978090767,0.6475819899944414,0.6096284667713239,0.628032345013477
SemEval2018-T3-train-taskA_emoji_1-emoji_frequency_ironic_vs_non_ironic_16.txt,0.6384976525821596,0.6465661641541038,0.6059654631083202,0.6256077795786061
SemEval2018-T3-train-taskA_emoji_4-emoji_frequency_ironic_6.txt,0.6418883672404799,0.6499442586399108,0.6101517530088959,0.6294197031039137
SemEval2018-T3-train-taskA_emoji_2-emoji_frequency_ironic_4.txt,0.6444966092853417,0.6522222222222223,0.6143380429094715,0.632713554298033
SemEval2018-T3-train-taskA_emoji_3-emoji_frequency_ironic_vs_non_ironic_18.txt,0.6413667188315075,0.6488888888888888,0.6111983254840397,0.6294799245486391
SemEval2018-T3-train-taskA_emoji_4-emoji_frequency_ironic_19.txt,0.6431924882629108,0.6512534818941504,0.6117216117216118,0.6308688613059903
SemEval2018-T3-train-taskA_emoji_1-emoji_frequency_non_ironic_6.txt,0.6400625978090767,0.6477462437395659,0.609105180533752,0.627831715210356
SemEval2018-T3-train-taskA_emoji_3-emoji_frequency_ironic_4.txt,0.6429316640584246,0.6503884572697003,0.6132914704343275,0.6312954484244545
SemEval2018-T3-train-taskA_emoji_3-emoji_frequency_non_ironic_9.txt,0.6403234220135628,0.6479421579532815,0.6096284667713239,0.6282016716095984
SemEval2018-T3-train-taskA_emoji_4-emoji_frequency_7.txt,0.6411058946270214,0.649025069637883,0.6096284667713239,0.6287101996762007
SemEval2018-T3-train-taskA_emoji_4-emoji_frequency_16.txt,0.6421491914449661,0.6498054474708171,0.6117216117216118,0.6301886792452831
SemEval2018-T3-train-taskA_emoji_3-emoji_frequency_ironic_19.txt,0.645018257694314,0.6522702104097453,0.6164311878597593,0.6338444982512779
SemEval2018-T3-train-taskA_emoji_1-emoji_frequency_3.txt,0.6416275430359938,0.6482606294864716,0.6143380429094715,0.630843632455669
SemEval2018-T3-train-taskA_emoji_2-emoji_frequency_ironic_vs_non_ironic_13.txt,0.6400625978090767,0.6470914127423822,0.6111983254840397,0.6286329386437028
SemEval2018-T3-train-taskA_emoji_2-emoji_frequency_non_ironic_20.txt,0.6403234220135628,0.647450110864745,0.6111983254840397,0.6288021534320324
SemEval2018-T3-train-taskA_emoji_2-emoji_frequency_non_ironic_13.txt,0.6413667188315075,0.6483942414174972,0.6127681841967556,0.6300780199085284
SemEval2018-T3-train-taskA_emoji_1-emoji_frequency_ironic_19.txt,0.6411058946270214,0.647220693450743,0.6153846153846154,0.630901287553648
SemEval2018-T3-train-taskA_emoji_3-emoji_frequency_14.txt,0.6429316640584246,0.6507230255839822,0.6122448979591837,0.6308978161229442
SemEval2018-T3-train-taskA_emoji_3-emoji_frequency_16.txt,0.6424100156494522,0.6501668520578421,0.6117216117216118,0.630358587220275
SemEval2018-T3-train-taskA_emoji_4-emoji_frequency_1.txt,0.6395409494001043,0.6471897607122983,0.60858189429618,0.6272923408845739
SemEval2018-T3-train-taskA_emoji_2-emoji_frequency_non_ironic_9.txt,0.6418883672404799,0.6492785793562708,0.6122448979591837,0.6302181524373821
SemEval2018-T3-train-taskA_emoji_2-emoji_frequency_non_ironic_8.txt,0.6424100156494522,0.6498335183129855,0.6127681841967556,0.6307568004309183
SemEval2018-T3-train-taskA_emoji_1-emoji_frequency_ironic_16.txt,0.6426708398539385,0.649200220628792,0.6159079016221873,0.6321160042964554
SemEval2018-T3-train-taskA_emoji_2-emoji_frequency_ironic_12.txt,0.645018257694314,0.6526082130965594,0.6153846153846154,0.6334500403985995
SemEval2018-T3-train-taskA_emoji_4-emoji_frequency_non_ironic_5.txt,0.6400625978090767,0.6475819899944414,0.6096284667713239,0.628032345013477
SemEval2018-T3-train-taskA_emoji_1-emoji_frequency_non_ironic_20.txt,0.6398017736045905,0.6482102908277405,0.6064887493458923,0.6266558529332251
SemEval2018-T3-train-taskA_emoji_1-emoji_frequency_ironic_9.txt,0.6426708398539385,0.649200220628792,0.6159079016221873,0.6321160042964554
SemEval2018-T3-train-taskA_emoji_1-emoji_frequency_ironic_6.txt,0.6424100156494522,0.6486784140969163,0.6164311878597593,0.632143815401127
SemEval2018-T3-train-taskA_emoji_2-emoji_frequency_non_ironic_5.txt,0.6413667188315075,0.6488888888888888,0.6111983254840397,0.6294799245486391
SemEval2018-T3-train-taskA_emoji_2-emoji_frequency_1.txt,0.6395409494001043,0.6471897607122983,0.60858189429618,0.6272923408845739
SemEval2018-T3-train-taskA_emoji_1-emoji_frequency_ironic_vs_non_ironic_15.txt,0.639019300991132,0.6469604015616286,0.6070120355834642,0.6263498920086394
SemEval2018-T3-train-taskA_emoji_4-emoji_frequency_ironic_4.txt,0.6413667188315075,0.6492204899777283,0.6101517530088959,0.6290801186943621
SemEval2018-T3-train-taskA_emoji_4-emoji_frequency_ironic_17.txt,0.6426708398539385,0.6506963788300836,0.6111983254840397,0.6303291958985429
SemEval2018-T3-train-taskA_emoji_1-emoji_frequency_ironic_10.txt,0.6421491914449661,0.6484848484848484,0.6159079016221873,0.6317767042404723
SemEval2018-T3-train-taskA_emoji_2-emoji_frequency_non_ironic_10.txt,0.6424100156494522,0.65,0.6122448979591837,0.6305578011317703
SemEval2018-T3-train-taskA_emoji_2-emoji_frequency_ironic_2.txt,0.6413667188315075,0.6490545050055617,0.6106750392464678,0.6292801294149366
SemEval2018-T3-train-taskA_emoji_4-emoji_frequency_17.txt,0.6421491914449661,0.6498054474708171,0.6117216117216118,0.6301886792452831
